{"parameters": ["gross_power_per_well", "average_depth_of_wells", "collection_pipelines", "installed_capacity", "co2_emissions", "lifetime", "capacity_factor", "auxiliary_power", "specific_diesel_consumption", "specific_steel_consumption", "specific_cement_consumption", "specific_drilling_mud_consumption", "initial_harmonic_decline_rate", "production_to_injection_ratio", "success_rate_exploration_wells", "success_rate_primary_wells", "success_rate_makeup_wells"], "climate change total": {"S1": [0.001955058590952744, 0.001692887759257491, -3.3685555397029135e-05, 7.581209824393878e-05, 0.9492961884223164, -2.4786051783304773e-06, -2.3337621255075338e-05, -6.2278803818727345e-06, 0.00010413470920341273, -8.362364408148733e-05, -3.7256828940503406e-06, 4.29938867243581e-06, 0.0008338553277691208, -0.00018107492799441293, -1.813496474707005e-05, 9.974602083462407e-05, 0.00024776553458800065], "ST": [0.0018532701673504854, 0.0003328759453239858, 5.404851976955228e-06, 1.010064670308352e-05, 0.9765354264087285, 8.761868429734928e-05, 2.5807369607504864e-06, 8.754730579377413e-08, 5.58129533085995e-06, 6.6292255269157075e-06, 1.9506899045657474e-07, 1.219844098093706e-07, 0.00014987229482915597, 8.204873942919553e-06, 1.5090756289302075e-06, 0.00015064007506573, 2.3537405586515767e-05]}, "carcinogenic effects": {"S1": [0.7560601423585336, 0.11299546522681359, 0.002553337202106897, 0.004455082328006003, 0.0, 0.012059102232469207, -0.0018372500766918461, 0.0003259013803097145, 6.263000941792951e-07, 0.00468092570593641, 6.104306864439389e-06, 1.044262894704243e-05, 0.04320471631976495, 0.00042775165569132283, 0.0026354900924271557, 0.05509788461905196, -0.003516936808258673], "ST": [0.7978161047578003, 0.1711067246332126, 0.002144118376889271, 0.004984621131106288, 0.0, 0.040850283643854374, 0.0011927613775525529, 4.013922125939262e-05, 1.2582950130309195e-07, 0.0062415893131683225, 3.0199673806888017e-08, 1.9314013507219787e-07, 0.07280520368449923, 0.003963829212835007, 0.0007816455590858902, 0.07716067882809964, 0.012208076886355676]}, "ionising radiation": {"S1": [0.7311015789767568, 0.12257291934732291, 0.0016455942037011577, 0.003922050543526664, 0.0, 0.012850678207224004, -0.0018275800519024282, 0.00029817730433468815, 0.004450395505083735, 0.0015086976157549792, 0.00013664137918053103, 0.00011097857427593264, 0.04294000693160404, 0.00019018166714815718, 0.0028362868959437596, 0.05775170515943833, -0.0033352227321605792], "ST": [0.7871861924419046, 0.18505733489292026, 0.0012017595253686376, 0.0050472015377292035, 0.0, 0.044271134976208215, 0.0012165427200722862, 4.068049682576176e-05, 0.0066199836409623495, 0.0016373633490118088, 1.435681950223273e-05, 1.9222739787987637e-05, 0.06929856300661869, 0.003905321420192337, 0.0008012764340562205, 0.08229811942546039, 0.012975493306373513]}, "non-carcinogenic effects": {"S1": [0.7502050825339208, 0.11755686266166676, 0.00215605470711855, 0.004427925889137764, 0.0, 0.013207721238701724, -0.0018335600633126053, 0.0003201193855049764, 7.5256349520776045e-06, 0.0036468221558245096, 3.1038380634160316e-05, 4.0677503162017514e-05, 0.04318420545572413, 0.0004881035758251737, 0.002629282670421055, 0.05677222527089382, -0.00316592360491746], "ST": [0.7949021810363387, 0.17677553485678454, 0.0017454609836026487, 0.005032170175748074, 0.0, 0.042798895585351306, 0.0012203778902029094, 4.098133662098823e-05, 3.7288799640415984e-06, 0.004655767262005919, 7.77036432008679e-07, 2.903224304740721e-06, 0.07200044313623068, 0.003938062573449291, 0.0007967803439821374, 0.07985862902063674, 0.012645221799603512]}, "ozone layer depletion": {"S1": [0.719434454856391, 0.12917078719527475, 0.0011628938718958423, 0.0038378887958533904, 0.0, 0.012710385972003435, -0.0017774459824373143, 0.00028255440478220924, 0.00608407439731623, 0.0008418812369141685, 0.00010457942230928444, 0.00016592012736128662, 0.04249388944234423, 0.00024525160846195453, 0.002864446791792845, 0.060131906334229955, -0.002859161455661339], "ST": [0.7813701743660851, 0.19490880390502557, 0.0007267056474078121, 0.005112099328137993, 0.0, 0.04457271422431523, 0.0012048479131883897, 4.0114804617575125e-05, 0.008953858721227455, 0.0007828838807944435, 8.694615713203484e-06, 4.2299751614623326e-05, 0.06786436376926472, 0.0038707105439711406, 0.0008301325083317617, 0.08656028438350889, 0.01366406291479025]}, "photochemical ozone creation": {"S1": [0.7167888235312935, 0.13080831872646317, 0.0010648516644761194, 0.003876651711312279, 0.0, 0.011141403348116042, -0.00172477885398753, 0.0002742140904614594, 0.006670536081750141, 0.0008740291705070105, 8.338493266018227e-05, 8.777734157162362e-05, 0.0423553737915281, 0.0002441619096902432, 0.0028980052400703433, 0.06070927604820902, -0.0027280952139942913], "ST": [0.7813484359741538, 0.1980941682902492, 0.0006146267274780586, 0.005140661411634009, 0.0, 0.042255554766126587, 0.0011573874303560877, 3.8450135319470506e-05, 0.009919606672779855, 0.0008331131510359254, 5.446240958686578e-06, 1.3851733596213273e-05, 0.06758548757132901, 0.0038733901672765567, 0.000845027374061003, 0.08782073329846563, 0.01386704972623645]}, "respiratory effects, inorganics": {"S1": [0.7790130259968269, 0.08964998381157066, 0.0050032454818085235, 0.004110788704661473, 0.0, 0.01520618794811432, -0.0020595101235634256, 0.00038068765510276744, 0.00014440848086950543, 0.006039631120641027, 0.0001365725428776258, 0.00020135998878638867, 0.04429456803064011, -9.778958657645509e-05, 0.002530355310198366, 0.04597939315457413, -0.005326883812712876], "ST": [0.8066779507694783, 0.1366566150045629, 0.0054365655495851786, 0.004655767679015704, 0.0, 0.04503133880293982, 0.0013124693474095414, 4.4749227123555675e-05, 0.00026604766503817237, 0.008160701996294043, 1.4680672204539864e-05, 4.282795537987333e-05, 0.07590771628343118, 0.00403024022828973, 0.0006367613280402443, 0.061427438647316854, 0.009631053832512596]}, "freshwater and terrestrial acidification": {"S1": [0.7285122280718246, 0.12295653740925637, 0.001628511890395473, 0.0038817364183579336, 0.0, 0.012977249259477177, -0.0018246529072485594, 0.0002962520675134706, 0.00524749214312454, 0.0011946542278417427, 0.00011619611262069502, 0.0001109959813530007, 0.04303431026993166, 0.0001654636477169626, 0.0028382756404478444, 0.057829378393744975, -0.003315598452523974], "ST": [0.7863186166798755, 0.18556694277632801, 0.0011950483635124935, 0.005046884678919338, 0.0, 0.04464423720867984, 0.0012208628220291748, 4.079928889529996e-05, 0.007818006245339779, 0.0012138501481245387, 1.0588605248862845e-05, 1.9438299820085824e-05, 0.06901907037278805, 0.003899935761101505, 0.0007982665785142325, 0.08239823469790883, 0.013004417887444926]}, "freshwater ecotoxicity": {"S1": [0.7266300847456169, 0.13724737772876933, 0.0008329066105233886, 0.004549787908041458, 0.0, 0.01166630316941235, -0.0016499368763048133, 0.00027543375992210875, 8.036925669459221e-06, 0.0012029954126138043, 1.0614018779203013e-05, 1.7163080141245323e-05, 0.04282654708960169, 0.0008449813494833157, 0.002621360923770602, 0.06421063140283186, -0.0012715187812291486], "ST": [0.7871341384019985, 0.2047414863080656, 0.0004476029244297913, 0.005286525615929898, 0.0, 0.041228190195091476, 0.0011516948819319988, 3.8131275334352856e-05, 1.9352469066826063e-06, 0.0011769515395627377, 8.547314314206132e-08, 7.75597855564916e-07, 0.06912398360026019, 0.0038635017204729674, 0.0008878951029126386, 0.09295451603546087, 0.01479010346819735]}, "freshwater eutrophication": {"S1": [0.7596921601878499, 0.10830440739217978, 0.002973059490750085, 0.004266000787294995, 0.0, 0.01555607177308004, -0.001954306719753471, 0.0003451427789764626, 5.877964897927013e-06, 0.004213145576627762, 9.426828551660897e-05, 0.000254123864613728, 0.043410917225420974, 0.00030299379276966013, 0.002564210736010126, 0.05325843926918445, -0.003955894563859432],