{"parameters": ["number_of_wells", "average_depth_of_wells", "collection_pipelines", "installed_capacity", "lifetime", "capacity_factor", "auxiliary_power", "specific_diesel_consumption", "specific_steel_consumption", "specific_cement_consumption", "specific_drilling_mud_consumption", "number_of_wells_stimulated_0to1", "water_stimulation", "specific_electricity_stimulation", "success_rate_exploration_wells", "success_rate_primary_wells"], "climate change total": {"S1": [-0.00041958509943146934, 0.02990770771351831, 5.903714808575196e-05, 0.8087195227376779, 0.018092135093271004, 0.0019948272079985214, 0.003196725217791535, 0.024097777170494487, 0.0023680222969066356, -0.00014465214024924724, 7.592313905553241e-05, 0.0023177925267414265, 0.004097573187866963, 0.0038675366206005904, 0.03318576875750516, 0.037469734418224536], "ST": [0.0399094498203873, 0.0693868842243179, 6.9086594840507775e-06, 0.9435359619548036, 0.03743225325733074, 0.0017797983478949281, 0.004854240763521512, 0.09619350233013123, 0.0019798149829736303, 0.0004718446894878138, 9.981532613885778e-06, 0.010266522177345583, 0.006574217860598545, 0.00507419263366752, 0.03734666698521538, 0.061750621027116676]}, "carcinogenic effects": {"S1": [0.00043842774308447294, 0.03008950675612823, 0.0001850637503192026, 0.7096688649463778, 0.016992009990124252, 0.0006482217629976399, 0.0031371169711569545, 5.052552845789565e-05, 0.012112245795002124, -2.5747169864259636e-06, 1.4865521152646641e-05, 7.850948098221912e-05, 0.00011697892585288075, 8.866143433479333e-05, 0.04354427655731227, 0.03692425476464228], "ST": [0.039323435446767065, 0.08746781935526285, 2.745428309912811e-05, 0.9511249795574451, 0.030884900757011544, 0.0021244541220047787, 0.004073489998102749, 2.3831354803903965e-05, 0.01920227688241333, 7.348218495097308e-07, 1.5865062506028185e-07, 3.069052958619494e-05, 1.8857126023309805e-05, 1.0065060552882591e-05, 0.03755386685359649, 0.07510335113147627]}, "ionising radiation": {"S1": [-0.0008023242214313263, 0.02887549977024883, 2.6827547356520862e-05, 0.8122236592123266, 0.018194872697809346, 0.0022018023072000884, 0.003154005744210817, 0.03223658303394287, 0.0010979462716246364, -8.002994480169158e-05, 2.7509460616220476e-05, 0.0028620834439108222, 0.005414428682872049, 0.004773944022986468, 0.03109463663468397, 0.036559904707862766], "ST": [0.03954237498125997, 0.06571792215782105, 1.7688390659832725e-06, 0.9330865985640823, 0.03822236513446462, 0.0016839993926666564, 0.00491876490578882, 0.1318898592963694, 0.0005639996605840883, 4.0093391109414404e-05, 1.8145874153222333e-06, 0.013706605354129169, 0.00877561589366717, 0.006717194788965205, 0.03753098177234762, 0.05898621557129208]}, "non-carcinogenic effects": {"S1": [0.0006056736935224392, 0.030400439518351093, 0.0001504120106593064, 0.7239859371273126, 0.017579843220633558, 0.0008359848541769613, 0.003160257526633071, 0.00038109405522327946, 0.0090489691381957, -1.2747491180830807e-05, 5.479403081999712e-05, 0.00018898561452471163, 0.0002838200222871141, 0.0002517488732067236, 0.0424627506273664, 0.037656484706238974], "ST": [0.03922021080800272, 0.08629571225983196, 2.078444535165383e-05, 0.9524499534025364, 0.03203881320453137, 0.0020923262550105837, 0.004195796020092197, 0.0006522302129796443, 0.013247793789392812, 1.7575925908995736e-05, 2.2176344230492183e-06, 0.00017889883949362957, 0.00011151827880133849, 7.017494422631692e-05, 0.038185025477350545, 0.07510115640073176]}, "ozone layer depletion": {"S1": [-0.0018809594320415926, 0.028836681769373994, 1.8693724426935806e-05, 0.8077831731737403, 0.021101707820892303, 0.002456712520044164, 0.003296581581466049, 0.03500763584456418, 0.0005773563935108937, -5.948067026891595e-05, 3.1593802605916895e-05, 0.0032862158051170254, 0.005693810326241196, 0.005146531579014093, 0.030721956506079492, 0.03652255820300021], "ST": [0.03924822277904991, 0.064648675640112, 8.604496210239629e-07, 0.92531853976369, 0.041887659870484276, 0.0018136200803708985, 0.005440413276516621, 0.14340984943770335, 0.00021652143375128948, 1.9527461708865762e-05, 3.2108320036863906e-06, 0.014365161878401308, 0.009217273454918873, 0.007217695180798855, 0.037543092605624474, 0.058232871128667985]}, "photochemical ozone creation": {"S1": [-0.0009368239577796809, 0.0286112451956668, 1.5727657809721384e-05, 0.8108368087646376, 0.018139824564724773, 0.0022940410712581605, 0.003119049967927269, 0.03570975950444338, 0.0006334029549962384, -4.751783472908115e-05, 1.8983086028570448e-05, 0.0029618517002963918, 0.005752303591844879, 0.005116655294743606, 0.030321976451635042, 0.03647074157784401], "ST": [0.03941432531198355, 0.06473494678637251, 6.770083290982108e-07, 0.9282544147659705, 0.03839666252478731, 0.0016461442425578178, 0.0049304233929472275, 0.14770733761060817, 0.00021432685655249571, 1.1379387238275465e-05, 9.777787142138752e-07, 0.014688998703169701, 0.009429287748390434, 0.007409002482189405, 0.0377203015596173, 0.058250501985196365]}, "respiratory effects, inorganics": {"S1": [-0.00029735676003730455, 0.03015666264552376, 0.0002004136126966379, 0.779930361018401, 0.01767191349517704, 0.0011964460751853504, 0.003327054059076259, 0.008149625116737235, 0.009625887308407357, -5.1256617375728135e-05, 0.00014386633510285313, 0.00129874128616873, 0.0019811111126726583, 0.0018755931587668734, 0.03878349792129743, 0.036446545183160775], "ST": [0.040284412400734, 0.07695341280051181, 4.080471370688178e-05, 0.9589641342435911, 0.03429382787528626, 0.0020092015122007085, 0.004543323951160653, 0.02807976677234847, 0.014610366351982625, 0.00020967220321799337, 2.0691970749689633e-05, 0.003691953277590505, 0.0023502727317617714, 0.0017503762162742703, 0.03594795180821813, 0.06656079292870956]}, "freshwater and terrestrial acidification": {"S1": [-0.0008943889876090165, 0.028735811205852804, 2.4720553249651482e-05, 0.8118046876775694, 0.018203387120741616, 0.0022477377834054756, 0.0031407051663650005, 0.03387706333678618, 0.0008659756865764329, -6.83206421243633e-05, 2.5444549435220647e-05, 0.002914038470614311, 0.005575622002669503, 0.004978916775272945, 0.030703922829611808, 0.036487834436539975], "ST": [0.03949389476729195, 0.0651564624889788, 1.574421535633913e-06, 0.9307513755328524, 0.038362977350886576, 0.0016680574603965572, 0.004931875063975725, 0.13932582337974986, 0.0003739758172577279, 2.6471833088745488e-05, 1.642371211391688e-06, 0.01419793097663155, 0.009110204863909108, 0.007124050315279639, 0.03756886013523106, 0.05855754790218414]}, "freshwater ecotoxicity": {"S1": [0.0013266925119473736, 0.030858345354871926, 6.487363060477506e-05, 0.722477022114675, 0.018410860592096224, 0.0010854255181039876, 0.0030869693074858724, 0.00021423342673117474, 0.003315223273359291, -6.9776159716768635e-06, 2.819756306357689e-05, 8.014425656288277e-05, 0.00014348083281396243, 0.00014610384459029535, 0.041276858902542755, 0.039900036363611675], "ST": [0.0384354710444469, 0.08752665793030481, 5.300789932157812e-06, 0.9472091835953741, 0.03322847715467783, 0.002010692297212404, 0.004252700084012363, 0.00033716038615675173, 0.003287810159531089, 1.9203844014575015e-06, 5.883372713345138e-07, 6.471825781145845e-05, 4.067067253656816e-05, 2.8205175026295756e-05, 0.04107847760301056, 0.07872102971766021]}, "freshwater eutrophication": {"S1": [0.0004615434175632619, 0.029766156547579567, 0.0001968194066661293, 0.7298399042133694, 0.01745896451705041, 0.0008114636643941523, 0.00319331814359204, 0.0003628908180589907, 0.010400878630997298, 3.068290412862369e-06, 0.00030511315292731727, 0.0003405148787885599, 0.0004731658736785507, 0.0003786366395133629, 0.04202627137598631, 0.03668626879235728],