{"parameters": ["number_of_wells", "average_depth_of_wells", "collection_pipelines", "installed_capacity", "lifetime", "capacity_factor", "auxiliary_power", "specific_diesel_consumption", "specific_steel_consumption", "specific_cement_consumption", "specific_drilling_mud_consumption", "number_of_wells_stimulated_0to1", "water_stimulation", "specific_electricity_stimulation", "success_rate_exploration_wells", "success_rate_primary_wells"], "climate change total": {"S1": [-0.0003694006626092951, 0.029943098814633404, 5.9671890341757756e-05, 0.8083482148728579, 0.01806718675958033, 0.002000725896376217, 0.0032295923997417678, 0.024049779678698705, 0.002368309747582615, -0.0001377080474552458, 7.582653349559491e-05, 0.002329453296479954, 0.004093967473536235, 0.003865251709181256, 0.03317114583247872, 0.03750275789897594], "ST": [0.039891380454736655, 0.06935153307132746, 6.905016967634267e-06, 0.9429105930568794, 0.03740806896110918, 0.001778744084838166, 0.0048536301924277684, 0.09613261419199182, 0.0019785242774127965, 0.0004716360254515314, 9.975004616949823e-06, 0.010260337932589104, 0.006569897836707819, 0.005070885357087687, 0.03732242285357881, 0.061720803177987664]}, "carcinogenic effects": {"S1": [0.00048329817325241237, 0.03011807024104158, 0.00018643303270898944, 0.709308356954515, 0.016969407518851263, 0.0006538527297685998, 0.0031659420830359914, 4.985486897531225e-05, 0.012111123043978989, -2.273273943805539e-06, 1.4849724176064509e-05, 7.927823472374045e-05, 0.00011681041460345672, 8.859114070984957e-05, 0.04352367069420222, 0.03694975911848594], "ST": [0.03930324769049653, 0.08741856425800926, 2.74398196851306e-05, 0.9504507469436304, 0.030865302852120503, 0.002123146566556544, 0.004072447421675411, 2.3816429960000234e-05, 0.0191896283152511, 7.344880223493549e-07, 1.5854682578771253e-07, 3.067153490823635e-05, 1.8844792940501008e-05, 1.005846905542496e-05, 0.037529141298445805, 0.07506426487254717]}, "ionising radiation": {"S1": [-0.0007524054301666871, 0.028911773380226175, 2.7134197602725552e-05, 0.8118659748946103, 0.0181704204159663, 0.002207529780975677, 0.0031862999646645553, 0.03218104031132715, 0.0010981560452999967, -7.808798190377443e-05, 2.7472190033715354e-05, 0.0028748265634201547, 0.0054101473498861154, 0.0047712849401079565, 0.031081459320032905, 0.036594119690358425], "ST": [0.03952628226887436, 0.06568737936769013, 1.767959702176021e-06, 0.9325025925112214, 0.03819873146947911, 0.0016830633247899387, 0.004918421794222974, 0.1318093480147513, 0.0005636492514185452, 4.007654961114401e-05, 1.8134566148031372e-06, 0.01369878827590933, 0.00877010913797268, 0.006713027282157106, 0.037507801000506664, 0.058960100003000074]}, "non-carcinogenic effects": {"S1": [0.0006512797602584207, 0.03042972077016277, 0.0001516117737651052, 0.723614963396917, 0.017556212329278155, 0.000841767802464814, 0.0031902845782377396, 0.0003775181423179038, 0.009048465161528142, -1.1267947128519887e-05, 5.4734846020458714e-05, 0.00019080888570728607, 0.00028341484236773194, 0.00025155295829961744, 0.042442387635509414, 0.03768253423948415], "ST": [0.03919974138496042, 0.08624629324350695, 2.0773207661111264e-05, 0.9517668315814013, 0.03201802512802334, 0.0020910157569266723, 0.004194741552695067, 0.0006518130023131119, 0.013238900817528303, 1.756773179873786e-05, 2.216153094946677e-06, 0.0001787858179941538, 0.00011144379256996528, 7.012803474247752e-05, 0.038159411472969786, 0.07506128880984785]}, "ozone layer depletion": {"S1": [-0.001819429364446934, 0.02888387177999351, 1.8955684785535206e-05, 0.8074275684741059, 0.021065202677766792, 0.002466652849858811, 0.0033505692347882373, 0.03493983377709703, 0.0005776222700454704, -5.783569428620802e-05, 3.153907645700483e-05, 0.003302142538908502, 0.005688952694049541, 0.005143564207966892, 0.030709026378154054, 0.03656794534235207], "ST": [0.03923240700797369, 0.06461889041043008, 8.600217078374956e-07, 0.9247404328822358, 0.041861760095561903, 0.001812692392849077, 0.005441935513186031, 0.1433219654073558, 0.00021638685596131214, 1.9519238742261153e-05, 3.208830958107747e-06, 0.014356963616984629, 0.009211486372058854, 0.007213218631427674, 0.037519911278542845, 0.05820726491605503]}, "photochemical ozone creation": {"S1": [-0.0008872493642230999, 0.028647623698240997, 1.591359894995867e-05, 0.8104870718616337, 0.01811582856913802, 0.0022996321774420474, 0.0031507791218229023, 0.03565144983140027, 0.0006335468985106268, -4.650361643636059e-05, 1.895681109046546e-05, 0.0029746921781261012, 0.005747910495306283, 0.005113877155686072, 0.030309384699043443, 0.036505129072880976], "ST": [0.03939901407969558, 0.06470603322997011, 6.766807820942788e-07, 0.9276874536913616, 0.03837340950243974, 0.0016452539910109085, 0.004930158590991159, 0.14761866930395412, 0.00021419655077542117, 1.137474276275744e-05, 9.77182663220189e-07, 0.014680813289966843, 0.009423495740994152, 0.007404507669079861, 0.03769752036967941, 0.05822569384136578]}, "respiratory effects, inorganics": {"S1": [-0.00024724274418266395, 0.030189781398727446, 0.00020207030664482468, 0.7795440169113658, 0.017646311542146163, 0.0012028640974630792, 0.0033609295842756967, 0.008123961784979556, 0.009625330729169304, -4.623304438174053e-05, 0.00014369990026073242, 0.001306471345904191, 0.001979004789057549, 0.0018743436307157477, 0.038765312016364184, 0.0364772225793278], "ST": [0.04026408733972883, 0.07691027538786614, 4.078233069586778e-05, 0.9582840808905176, 0.034271129452203904, 0.002007947012295793, 0.004542545054166952, 0.028061603687718956, 0.014600476743653414, 0.00020957380526799755, 2.067796329108954e-05, 0.0036896245407589054, 0.0023486797505158424, 0.0017491923503514186, 0.035923650623334524, 0.06652587947304449]}, "freshwater and terrestrial acidification": {"S1": [-0.0008444505941879484, 0.02877226668005386, 2.5008131533054863e-05, 0.8114505472766286, 0.01817899412668372, 0.0022534544313222984, 0.003173008338880683, 0.03382003674927912, 0.0008661578789399093, -6.675224331382396e-05, 2.5409667447241905e-05, 0.0029268694614041045, 0.005571279402402573, 0.004976175749185151, 0.030691030179835217, 0.03652226959919234], "ST": [0.03947815154634135, 0.06512671288449344, 1.5736482648728266e-06, 0.9301752427868263, 0.038339471888116025, 0.0016671424081942804, 0.004931588625958756, 0.1392413915196031, 0.00037374568619528384, 2.6460855627557867e-05, 1.6413576435724315e-06, 0.014189914517403845, 0.009104541666976166, 0.00711967421527171, 0.037545885244816016, 0.058532063941827535]}, "freshwater ecotoxicity": {"S1": [0.001370834872060491, 0.030886937581828228, 6.54662500908929e-05, 0.7221036249592591, 0.01838764025384024, 0.00109069599542727, 0.003115048331479673, 0.00021175705638542145, 0.0033154618472158548, -6.500837213948121e-06, 2.8167343360319476e-05, 8.120905745650798e-05, 0.00014325572299384, 0.0001459862757302131, 0.04125676624264169, 0.039924609997505904], "ST": [0.03841525768708862, 0.08747605758497702, 5.297872816358745e-06, 0.946529457015829, 0.03320661443770424, 0.0020094130804611363, 0.004251454933753539, 0.00033694163633864475, 0.0032855807080122723, 1.919469572716547e-06, 5.879391649013598e-07, 6.467665071823154e-05, 4.064315218468917e-05, 2.8186074253651822e-05, 0.0410506316694679, 0.078678693706306]}, "freshwater eutrophication": {"S1": [0.0005068372995787378, 0.02979470820473974, 0.00019838209778851208, 0.7294603221816285, 0.017434565468998728, 0.0008175281403364861, 0.003224711774532674, 0.00035943464365218553, 0.010400109835377407, 7.704963473314808e-06, 0.0003047910091329833, 0.00034349495145980636, 0.00047249306591110523, 0.0003783435831783087, 0.042005811604993996, 0.036711669431869605],