{"parameters": ["number_of_wells", "average_depth_of_wells", "collection_pipelines", "installed_capacity", "lifetime", "capacity_factor", "auxiliary_power", "specific_diesel_consumption", "specific_steel_consumption", "specific_cement_consumption", "specific_drilling_mud_consumption", "number_of_wells_stimulated_0to1", "water_stimulation", "specific_electricity_stimulation", "success_rate_exploration_wells", "success_rate_primary_wells"], "climate change total": {"S1": [0.004991494636140495, 0.0393659224150997, 7.606617857127729e-05, 0.7894939496208382, 0.028962689805571113, 0.0027459900142698564, 0.0013547250366048851, 0.03219203461727482, 0.0027845328943923824, -3.723472597511264e-05, 0.00012315053221674166, 0.004895103165243576, -0.0021933450488737013, 0.006745081101977452, 0.0943099914117278, 0.09110931026885363], "ST": [0.05728306010918661, 0.05467710752699743, 5.465008127240873e-06, 0.8003560826610987, 0.05842084578656504, 0.0015402968445248542, 0.0040112569145798445, 0.07525614484270106, 0.0016061643717495584, 0.000376535890056797, 1.0278090260899661e-05, 0.009668264679346733, 0.003979988773275583, 0.005001776651451403, 0.10894699201121735, 0.10585837146981139]}, "carcinogenic effects": {"S1": [0.0058394001958050855, 0.04037154387471211, 0.00020211059522497177, 0.6349669238738813, 0.028381523017099845, 0.001708804268542194, 0.0013201473951416746, 9.689657603124204e-05, 0.013185433435310177, -1.3913646639575635e-06, 1.952790288747997e-05, 0.00016556345442867207, -0.00021742319078759602, 0.00019108400075071397, 0.10612074272102186, 0.09533530300839271], "ST": [0.051994144337501755, 0.06170231300793934, 2.107725652833208e-05, 0.800344410777555, 0.049084590941119, 0.0015582430705574136, 0.0034995276065398584, 1.8324625594439183e-05, 0.014893195414474494, 5.69058289268932e-07, 1.5857987878902902e-07, 2.851278645669976e-05, 1.1348599645274569e-05, 9.633443839984704e-06, 0.0980641833418124, 0.11855697092726242]}, "ionising radiation": {"S1": [0.004638042073420146, 0.03848885313140803, 3.617966710768319e-05, 0.8046234896939697, 0.029181050430790507, 0.002867064785094143, 0.0013463522421452172, 0.04310489609245349, 0.001323595970593985, -5.301592737879698e-05, 4.850669393603788e-05, 0.005930527110317094, -0.001967220779618998, 0.00828623453685044, 0.09243216768634227, 0.08900145878954933], "ST": [0.05750874943233706, 0.05293431051461459, 1.416598525610188e-06, 0.7909095222694091, 0.05911220558834069, 0.0015030391601395026, 0.00402263231032156, 0.10362281246952236, 0.00046395332811160545, 3.239749962086692e-05, 1.892053084044835e-06, 0.01301554539329771, 0.005374506168995668, 0.006708350076657619, 0.11094028140892147, 0.10291223503201365]}, "non-carcinogenic effects": {"S1": [0.005969643389964387, 0.04071574165291615, 0.0001672873180858038, 0.6513945880865916, 0.02905252655205701, 0.0018745405654089797, 0.0013464048634220878, 0.0006525850647335708, 0.009873824536472309, -6.659122413120853e-06, 7.233464533219849e-05, 0.0004333481982445964, -0.0005146168486271048, 0.0005259452074432566, 0.10450165833712838, 0.09592413402504969], "ST": [0.052358455286086764, 0.0615217883151762, 1.5899591567951608e-05, 0.8022833457155625, 0.05079262464836927, 0.001570005685524818, 0.003595276234274274, 0.0004996621074155898, 0.010273132144967285, 1.3559085819656391e-05, 2.208621391669382e-06, 0.0001656271098753441, 6.632117734414771e-05, 6.691032147913549e-05, 0.09944931506236059, 0.11887837841165344]}, "ozone layer depletion": {"S1": [0.0025179660497774547, 0.038574894586603195, 2.5978446748865038e-05, 0.7986057378216465, 0.03774972205681123, 0.003389848606496709, 0.0015736741711591844, 0.04708510144053403, 0.0007247849945233765, -4.734584542771485e-05, 6.0448677788645584e-05, 0.007134396098852081, -0.0018541997748477545, 0.009014397650078426, 0.09206958936776653, 0.08801974053070137], "ST": [0.05662286926410712, 0.05181968058356022, 6.842682586767723e-07, 0.7755587941110018, 0.07186226618316016, 0.0017889967734145706, 0.004959363066296767, 0.1117149716430586, 0.00017693143082854037, 1.5668630350019533e-05, 3.3243211236973213e-06, 0.01353665031557345, 0.0055945405144041515, 0.007160387672494603, 0.1102213084550838, 0.10099593973574242]}, "photochemical ozone creation": {"S1": [0.004552622759439165, 0.03830765041126242, 2.1735691870373907e-05, 0.8074633240351226, 0.029054772166080312, 0.002908910539883662, 0.0013356137424156722, 0.04777364895732078, 0.0007718390320845622, -3.35297832546753e-05, 3.4658373059424775e-05, 0.006192122548307848, -0.0018983884511539844, 0.00887797556352337, 0.09170632188724673, 0.08858474388606445], "ST": [0.05753795316252898, 0.05251760937023939, 5.450379361271351e-07, 0.7859845201429181, 0.05907947682924095, 0.0014818471361139449, 0.004005711981003583, 0.11627489373195629, 0.00017730684336336475, 9.243323413129096e-06, 1.024918684509774e-06, 0.014002993954205827, 0.005791986171556011, 0.007440193795614079, 0.11213333058386109, 0.10222378659378699]}, "respiratory effects, inorganics": {"S1": [0.00502043914493014, 0.03931820175658354, 0.00022874127552594274, 0.7348700770777655, 0.02920987313193036, 0.0022461863830967044, 0.0013810450958990264, 0.011246290098919098, 0.01077431520752283, 2.653988243086628e-06, 0.00020558227053601958, 0.002721501179370673, -0.0017931437002954784, 0.0034273769747851512, 0.10092576671897603, 0.09187964218445865], "ST": [0.05563630592463131, 0.057084950773985815, 3.1700849328184624e-05, 0.8140310004266632, 0.05525471825858801, 0.0016082572577967938, 0.0038993971571649236, 0.021817082029260252, 0.01154496399824245, 0.00016421011202615035, 2.092311690366558e-05, 0.0034453659897797483, 0.0014039821569693347, 0.0016933058532934368, 0.10113627736808362, 0.10942641385451407]}, "freshwater and terrestrial acidification": {"S1": [0.004559090782647271, 0.0383826750490311, 3.373442753894596e-05, 0.8062533332219689, 0.029230229197218103, 0.00289375647897635, 0.0013441171727365845, 0.045315487399401104, 0.0010492381318113913, -4.672145957864361e-05, 4.559569588890445e-05, 0.006088835908161537, -0.0019393629964079263, 0.008637307485626673, 0.09200337469774095, 0.0887287030741523], "ST": [0.057534734195790666, 0.052662899222953446, 1.2639885855219185e-06, 0.7885238164722621, 0.05928389379376488, 0.0014972367041547392, 0.004028285680545956, 0.10956439554848027, 0.00030845586339462534, 2.1443037508739547e-05, 1.7166962468222436e-06, 0.013505426191472939, 0.0055834838791137325, 0.007133021857813141, 0.11137182702429411, 0.10244924315214779]}, "freshwater ecotoxicity": {"S1": [0.006807755929852365, 0.04191873749366271, 7.528674691693104e-05, 0.6455546531207983, 0.029349129344315522, 0.001983643891419926, 0.0013780979973894798, 0.00039586405131857293, 0.003608372505439457, -6.227002744341715e-06, 3.680150438180056e-05, 0.00022989442647506302, -0.00032071222818142467, 0.0003137225595375528, 0.10279281633353511, 0.09889839181996261], "ST": [0.05172848014119775, 0.06305838964969117, 4.006403418562176e-06, 0.795975115964666, 0.050933620281273795, 0.0015274215565537947, 0.0035436056963324063, 0.00025513375415787926, 0.0025363124315180836, 1.4641592190305219e-06, 5.78976274059573e-07, 5.9258809564681826e-05, 2.376550163365379e-05, 2.6576689814208925e-05, 0.10295828981298907, 0.12378512617228854]}, "freshwater eutrophication": {"S1": [0.005715977753113977, 0.039818402593394246, 0.00021817628658817587, 0.6601440392791107, 0.029436815657586594, 0.0019207108156198542, 0.001346966555479748, 0.0006279246077208425, 0.011397716611691089, 2.7065031043150126e-05, 0.0003992588777104945, 0.0007068108354806805, -0.0007818641355538912, 0.0007748937551477125, 0.10228549599135388, 0.09398535876035287], "ST": [0.05260159976941234, 0.05995684455070155, 2.603749466131968e-05, 0.805397505913459, 0.051959199040631225, 0.0016058074005357876, 0.003688396012615119, 0.00044961160331003115, 0.012376915523402, 0.000129321148544126, 5.9178459512249894e-05, 0.00041047302907009, 0.00016396508974130498, 0.00013494217892994856, 0.0961049729995764, 0.11582328031393642]},