{"parameters": ["gross_power_per_well", "average_depth_of_wells", "collection_pipelines", "installed_capacity", "co2_emissions", "lifetime", "capacity_factor", "auxiliary_power", "specific_diesel_consumption", "specific_steel_consumption", "specific_cement_consumption", "specific_drilling_mud_consumption", "initial_harmonic_decline_rate", "production_to_injection_ratio", "success_rate_exploration_wells", "success_rate_primary_wells", "success_rate_makeup_wells"], "climate change total": {"S1": [0.001934851129896576, 0.0017059617246615465, -1.640587589246706e-05, 1.3175496926811362e-05, 0.9492521123053196, -4.9842454554357995e-05, -2.3638469234793273e-05, -6.259726251600228e-06, 0.00011372931668318076, -7.929948363052269e-05, -4.004713230229227e-06, 4.230706021123165e-06, 0.0008853855189369184, -0.0001881221110553376, -1.911506856685696e-05, 6.0509992371478164e-05, 0.00025899458001201045], "ST": [0.0017971435731727549, 0.00032187738283457555, 5.301640997544265e-06, 9.85234536812013e-06, 0.9765654770033079, 4.9098583999148855e-05, 2.4977338270238184e-06, 8.498722391203848e-08, 5.44332568252482e-06, 6.409234504085033e-06, 1.8955891236399196e-07, 1.1866706881981211e-07, 0.0001493293212595011, 7.91263023198853e-06, 1.4528667446614264e-06, 0.0001386841016265892, 2.3477333234996592e-05]}, "carcinogenic effects": {"S1": [0.7662213254168084, 0.11365742449426862, 0.0025455936085358164, 0.0035151779220821567, 0.0, 0.003639578104271322, -0.0018806974406944924, 0.00032525043170784777, 1.4569201616471704e-06, 0.004756654867026525, 6.05133176625254e-06, 1.100179662514279e-05, 0.04469746882948894, -0.0005027035079839923, 0.002762717275467282, 0.054810141207944994, -0.0026941233594987095], "ST": [0.8049596296264724, 0.1713107997552021, 0.002194817227577122, 0.005092400520666369, 0.0, 0.02355946985081588, 0.0012050333674820867, 4.0724128438550436e-05, 1.2808590900851317e-07, 0.006301980568833052, 3.062992158538373e-08, 1.9610388771846966e-07, 0.07555469238294261, 0.004000516437803033, 0.0007834488038780833, 0.07396590345424706, 0.012719695801334651]}, "ionising radiation": {"S1": [0.742383613087141, 0.12362468744686463, 0.001634595883605284, 0.003059163933858565, 0.0, 0.004006951228130956, -0.001869613726157011, 0.00029523338124439765, 0.004716628308022098, 0.0015298105450008636, 0.000135874884022656, 0.00011661392472804982, 0.044540043011174674, -0.0007250458074177972, 0.0029820028051507057, 0.05771588192980372, -0.0025487779910179286], "ST": [0.7954118474726919, 0.18533038060520118, 0.0012333689301923696, 0.00512074835747821, 0.0, 0.025622540629955986, 0.001231298318332835, 4.129344504135405e-05, 0.006760390872008196, 0.0016569037088203574, 1.4597890176948068e-05, 1.956677048351451e-05, 0.072090757844855, 0.00394726089008337, 0.0008088154619873769, 0.07917725730933635, 0.013546902916340578]}, "non-carcinogenic effects": {"S1": [0.7608658287448908, 0.1183138619963667, 0.0021496992713801798, 0.0034998865251021053, 0.0, 0.004262951614486676, -0.001877424094406082, 0.00031935859479074953, 1.2179494053850036e-05, 0.0037069864334908754, 3.077876317649508e-05, 4.287649534030193e-05, 0.044758751119987394, -0.00044317684040976976, 0.002762691180894014, 0.05651883935381359, -0.0023416697027004688], "ST": [0.8026337719848463, 0.17707859166168477, 0.001788782528217878, 0.005145011625661491, 0.0, 0.024719278938229314, 0.0012338925383460241, 4.1607528776884275e-05, 3.800078574889897e-06, 0.004705761606075382, 7.88993144741827e-07, 2.9510892697502776e-06, 0.07479451280033828, 0.003977924539581412, 0.0007996935285676027, 0.07663185613320557, 0.013187807447442933]}, "ozone layer depletion": {"S1": [0.730669531963473, 0.13032365781356098, 0.0011531003056924082, 0.0030017085815407245, 0.0, 0.004005586496775944, -0.0018169113716175037, 0.00027895828152025773, 0.006412379998581297, 0.0008531595886159508, 0.0001039749963089045, 0.00017421813099555215, 0.04412379982693183, -0.0006505142649009786, 0.003014417038540165, 0.0601555959253023, -0.0020691168096712976], "ST": [0.7896170798128387, 0.19517355151931293, 0.0007462936853270192, 0.005180793423363849, 0.0, 0.025818550815997987, 0.001220007092073134, 4.072798148867439e-05, 0.009150222368272214, 0.0007926427400703698, 8.846051054754902e-06, 4.3083008804527664e-05, 0.0706311165162166, 0.003912978421622302, 0.0008390962815219799, 0.08333851192216275, 0.014272009328629914]}, "photochemical ozone creation": {"S1": [0.72731731653084, 0.13189983328582502, 0.0010546761890254386, 0.003053122350892484, 0.0, 0.003251190340238668, -0.001761002157290689, 0.00027050131315938946, 0.007012919462703319, 0.0008865417596463741, 8.286871068276221e-05, 9.228454634398223e-05, 0.043931039293069324, -0.0006296695073037905, 0.0030441715448354238, 0.06072617458142181, -0.0019343963960606642], "ST": [0.7888425915237338, 0.1981898387117895, 0.000630631247238857, 0.005201397346809298, 0.0, 0.024456801132484905, 0.0011711513885871703, 3.9010144935475027e-05, 0.010128517807610512, 0.0008427525168017145, 5.5361421266050525e-06, 1.4095637730872925e-05, 0.0702779845527462, 0.003911905458854537, 0.0008536002672361691, 0.08448414907192274, 0.014471384130136595]}, "respiratory effects, inorganics": {"S1": [0.7911562451066013, 0.09030676555837701, 0.00500059159523811, 0.0030995132401963102, 0.0, 0.004904311529104074, -0.0021172122216902784, 0.0003811677620221187, 0.00018362762523565758, 0.006124618271981151, 0.00013571135705406646, 0.0002109241243500011, 0.045745157814685126, -0.0011083238862306518, 0.002655002776453655, 0.04569943692258534, -0.004574475409886798], "ST": [0.8155245457636955, 0.13707544367741653, 0.005567889576582304, 0.004758699921093532, 0.0, 0.02597638114290157, 0.0013267681368078193, 4.540848352338709e-05, 0.0002710164474954464, 0.008244209280292144, 1.4898211092956785e-05, 4.3509948287403944e-05, 0.07886154958046475, 0.004073631922788248, 0.0006388362501516684, 0.05893563131377531, 0.010043458912999688]}, "freshwater and terrestrial acidification": {"S1": [0.7398878748051863, 0.12403604634894069, 0.0016172579406645222, 0.003024580183888128, 0.0, 0.004062164005132433, -0.0018666890465863957, 0.00029315658230625946, 0.005544533494222427, 0.0012104281234499512, 0.00011552165945904876, 0.00011664098135511637, 0.044644680653870304, -0.0007485842264958083, 0.0029853948441305026, 0.0578153911075504, -0.0025363286294660817], "ST": [0.7946595828786791, 0.18584525796264176, 0.0012267472827376157, 0.005117773863629466, 0.0, 0.025847353788510153, 0.0012359015951576636, 4.1415890532534076e-05, 0.007985994039214801, 0.0012285447481785103, 1.0768708455897294e-05, 1.979039772168436e-05, 0.07181421633579485, 0.003942318269892863, 0.0008063185728916293, 0.07930158496445662, 0.013579011108391296]}, "freshwater ecotoxicity": {"S1": [0.7362875574549484, 0.13806271562309053, 0.0008277510795460808, 0.0036983695290035887, 0.0, 0.00375529222651399, -0.001683565832877092, 0.00027426960998527773, 1.1532694958185545e-05, 0.0012254453382067449, 1.051048119581442e-05, 1.8198891068903408e-05, 0.04447727047910144, -1.678823986482253e-05, 0.0027575950436194456, 0.0640167576084926, -0.00043043941670797186], "ST": [0.7941518206794064, 0.2048093246809602, 0.0004589471944836514, 0.005403316636843701, 0.0, 0.023850399510824495, 0.0011647627925320508, 3.872683999149216e-05, 1.973054994499946e-06, 0.0011898467982821837, 8.682673964421768e-08, 7.887330063816358e-07, 0.07180494671721305, 0.0039006633804521897, 0.0008920501373350164, 0.08921376557519779, 0.015423655129790015]}, "freshwater eutrophication": {"S1": [0.77162540588449, 0.10910884347260932, 0.0029712174051121742, 0.003299910461312393, 0.0, 0.005319325226002364, -0.002006343517872456, 0.0003450049250254303, 1.0201655287043463e-05, 0.004279898731727884, 9.361022377134033e-05, 0.0002666529999387799, 0.045010471265175295, -0.0006711567549114717, 0.0026990906686476753, 0.05300559279070737, -0.0031532210897325798],