{"parameters": ["gross_power_per_well", "average_depth_of_wells", "collection_pipelines", "installed_capacity", "co2_emissions", "lifetime", "capacity_factor", "auxiliary_power", "specific_diesel_consumption", "specific_steel_consumption", "specific_cement_consumption", "specific_drilling_mud_consumption", "initial_harmonic_decline_rate", "production_to_injection_ratio", "success_rate_exploration_wells", "success_rate_primary_wells", "success_rate_makeup_wells"], "climate change total": {"S1": [0.002265051807127811, 0.0016896073841946373, -2.9252297547965464e-05, -8.64572828990945e-05, 0.949138372338941, -2.1210011185642878e-05, -3.0263686825820794e-05, -6.629440678716126e-06, 9.878611678983881e-05, -8.773453167721058e-05, -2.664832057306927e-06, 5.615241164882617e-06, 0.0008622444709006533, -0.00013010732229556913, -2.5617002261970812e-05, 0.00013557199779464242, 0.00023233333697284263], "ST": [0.001826153813680044, 0.00034268518160389367, 5.478552970248244e-06, 3.6440776706720746e-05, 0.9764893997053276, 9.226406041537876e-05, 2.6698765930814996e-06, 9.019908945829116e-08, 5.761013563466377e-06, 6.879784531866779e-06, 2.024762648819461e-07, 1.26089159007171e-07, 0.00015271743259554654, 8.0952924754112e-06, 3.133965173503892e-06, 0.00015280280832111564, 2.3601369562497422e-05]}, "carcinogenic effects": {"S1": [0.7418668597391741, 0.11680348194672628, 0.002229651581952149, 0.006873239690879285, 1.4990642726435614e-18, 0.011309264713646777, -0.002224999023396791, 0.0003364265532205515, 4.154299546314961e-06, 0.006173893708005019, 5.614124589346313e-06, 1.0427344916327586e-05, 0.04343510557543101, 0.0011629913560456825, 0.0053254151641402596, 0.05075579238108327, -0.003727337153669635], "ST": [0.7771746641247415, 0.17379841745480015, 0.0021443975565933007, 0.01764491359284271, 1.2227791677639249e-34, 0.04244343032931532, 0.0012188904720702536, 4.083546363712138e-05, 1.2820169672057562e-07, 0.006392712077446792, 3.094030543265204e-08, 1.9705345879254483e-07, 0.07331664889086789, 0.003849159938881498, 0.0015704743799983404, 0.07710852790582878, 0.012061191624021915]}, "ionising radiation": {"S1": [0.7166838995885152, 0.1262253652137894, 0.0014195262965158667, 0.0063415552212733725, -7.287950938187315e-18, 0.011995409778586869, -0.0022068891720481193, 0.000313108285290245, 0.005402683328637013, 0.002258141345586774, 0.0001268436711318667, 0.00011216053380955432, 0.0431474263660908, 0.0006299228741469664, 0.005638261283719668, 0.05338332244078147, -0.0033914564712588706], "ST": [0.7666629920889866, 0.18757488918595816, 0.0011999570002660016, 0.017902908883614645, 2.6745081135503025e-33, 0.04588904343504706, 0.001242476953702655, 4.13953186946811e-05, 0.006735964468739625, 0.0016742560772711253, 1.4683162934789404e-05, 1.9578298499528566e-05, 0.06966918957079356, 0.0037908810725923252, 0.001655056182130907, 0.08220393566880874, 0.012813254533022629]}, "non-carcinogenic effects": {"S1": [0.7359569289182111, 0.12148907574605639, 0.0018649176824038494, 0.0068621056436933454, 2.82603068411014e-18, 0.012445434303485011, -0.002222102270116369, 0.000332121415275538, 2.6710710149844755e-05, 0.004917513590436296, 2.8697681851813438e-05, 4.0731425496471234e-05, 0.04342060209748941, 0.0012422326720900377, 0.00533616067164633, 0.05234972735060657, -0.00336699127988019], "ST": [0.7741010662856508, 0.17946380851402335, 0.0017451554687813971, 0.017806359976215626, 4.3227435467941775e-34, 0.04441204719091575, 0.0012465917972710341, 4.168234066777788e-05, 3.797902702685211e-06, 0.004766975030346565, 7.958148407838042e-07, 2.9610240817605014e-06, 0.07246745026435991, 0.0038223089723010578, 0.0015976851196513797, 0.07979013545758917, 0.012483005556825369]}, "ozone layer depletion": {"S1": [0.7045751847262568, 0.13292160890491964, 0.000989909684117167, 0.00625922860322638, -4.313141211263121e-18, 0.011845021179303724, -0.0021514293572335234, 0.00029893428603384304, 0.00722260347368411, 0.0013540098658231807, 9.71492124939999e-05, 0.00016769080790427182, 0.042677287593732814, 0.0005849171178309103, 0.005699073593425627, 0.05559626106336292, -0.002883227826031153], "ST": [0.7606768995100295, 0.19737429355634348, 0.0007251214753307769, 0.01814357921969584, 9.6090521327201e-34, 0.046166803453999566, 0.0012305263177674003, 4.0829945006394194e-05, 0.009104606120057193, 0.000799946804875918, 8.88567912655992e-06, 4.304994625005386e-05, 0.06816895722324542, 0.003757116884010535, 0.0017180014332577418, 0.08642029928581221, 0.01348121105218413]}, "photochemical ozone creation": {"S1": [0.701549061346413, 0.13456875963861006, 0.0009068145800829579, 0.006322554930495464, -5.854157245545585e-19, 0.010284055247744547, -0.002091850584683565, 0.0002902125016915058, 0.007890329570300654, 0.0014035947131910617, 7.721899760678199e-05, 8.814092229307147e-05, 0.04249108075964034, 0.00048356545565515156, 0.005747192786265734, 0.05607418301311433, -0.0027510584592119686], "ST": [0.7605598181733926, 0.2005546468351102, 0.0006131658415470012, 0.018261356271958545, 1.8468303918384465e-35, 0.04380820287719557, 0.0011828991495959654, 3.9165792582048165e-05, 0.010084706050146995, 0.0008510880423271132, 5.564751401035038e-06, 1.4094418900009906e-05, 0.06788139725397996, 0.003760602620764398, 0.0017528420889808716, 0.08766307971875748, 0.013681599407449174]}, "respiratory effects, inorganics": {"S1": [0.7672590005290086, 0.09266312248548998, 0.004493649790002673, 0.006253145170716476, 2.4487785464076657e-18, 0.014460924566150158, -0.0024650990723445597, 0.0003890623965880404, 0.0003021324370318798, 0.00777715100246791, 0.00012600751659269012, 0.0002051500838424694, 0.04465603787034448, 0.0009276627714869405, 0.0050699285646049076, 0.04249320209059615, -0.00551794104542503], "ST": [0.7873846821575821, 0.13911630499130248, 0.005445814785251658, 0.01640884230055418, 2.6439025280509654e-34, 0.0467514480195117, 0.0013392005976861398, 4.5445253818399705e-05, 0.0002715720664086673, 0.008372809829418659, 1.5067354223316074e-05, 4.377394040830923e-05, 0.07659725213072735, 0.003912615132427797, 0.0012952563918450304, 0.06148906703492824, 0.009546542571894134]}, "freshwater and terrestrial acidification": {"S1": [0.7141175933864895, 0.1265768048851743, 0.0014050506479431118, 0.0062689961274443855, 5.526789709223281e-18, 0.012110043886035197, -0.0022031980474262, 0.00031174837307204823, 0.006291775104069272, 0.0018356272945748763, 0.00010783679792317376, 0.00011220450555943433, 0.043236856725246735, 0.0005858082782898398, 0.005642645981867979, 0.05347068436228024, -0.003361920410632164], "ST": [0.7658242586578351, 0.18805457820002575, 0.0011930796572687892, 0.01790293958784885, 1.5257301866305442e-33, 0.046263670497688425, 0.0012467129792920629, 4.151306880942328e-05, 0.007954085206789167, 0.0012410271376734402, 1.0827720806786608e-05, 1.9794896583141335e-05, 0.06937645010562765, 0.0037843622158994805, 0.0016525228567914553, 0.08230491065811231, 0.01284058652687649]}, "freshwater ecotoxicity": {"S1": [0.7109036509623937, 0.14174327857973007, 0.0006877271243342605, 0.0070288819984809375, 8.343108454111566e-19, 0.010890674274360359, -0.0020212918980200417, 0.00029124490516574105, 2.2094736961798917e-05, 0.0018068809015018836, 9.899336723103564e-06, 1.685583421566884e-05, 0.042944614032571604, 0.0013822918509181917, 0.005382309622527941, 0.059154492262287875, -0.0014905210824887882], "ST": [0.7654011506662354, 0.2074105226136501, 0.00044691522533953955, 0.018701458930389065, 4.4491873483148814e-35, 0.042745625218491116, 0.0011772454006209355, 3.883361662192997e-05, 1.9680435545250468e-06, 0.0012033052253220416, 8.740497296773447e-08, 7.898277225516711e-07, 0.06942239265400248, 0.003744860749331642, 0.0017663166018614986, 0.09277550412678154, 0.014557015687213069]},