{"parameters": ["gross_power_per_well", "average_depth_of_wells", "collection_pipelines", "installed_capacity", "co2_emissions", "lifetime", "capacity_factor", "auxiliary_power", "specific_diesel_consumption", "specific_steel_consumption", "specific_cement_consumption", "specific_drilling_mud_consumption", "initial_harmonic_decline_rate", "production_to_injection_ratio", "success_rate_exploration_wells", "success_rate_primary_wells", "success_rate_makeup_wells"], "climate change total": {"S1": [0.0024418823473853373, 0.0027033187500340138, -1.669653918401655e-05, -0.00012103992038595265, 0.9488460480655336, -0.00011894365155338139, -8.440037383987585e-05, -6.211869111041325e-06, 0.00017627215180937713, -0.0001631032408625948, -1.717343781264087e-05, 1.737581081579308e-05, 0.001137993143841782, -0.0003047426549359905, -9.415535505620804e-06, 1.4216556597432314e-05, 0.00028946546446449354], "ST": [0.0019785043762756732, 0.00073781450195094, 1.1537267403706011e-05, 3.9055351527052954e-05, 0.9763652370827509, 5.905748567460385e-05, 5.873657624138484e-06, 1.8777495287054045e-07, 1.3720244353506651e-05, 1.574593583330737e-05, 4.496592223030277e-07, 2.7344032340953164e-07, 0.00031830014487302513, 1.8831059674610925e-05, 3.7328844825328978e-06, 0.0001646355768723015, 2.7942812092098047e-05]}, "carcinogenic effects": {"S1": [0.6065370101070323, 0.20520958839899567, 0.0038296531151450477, 0.004004844831303616, 2.687537462810886e-18, 0.005086163443305511, -0.0020794376603546676, 0.0002655156796594025, 1.9272893191017755e-05, 0.009400241933718866, 6.827882753096155e-06, 2.0670086560170805e-05, 0.06820063199842245, -0.00282785005259664, 0.0057751768672084465, 0.03930021152013403, 0.0011799251303003435], "ST": [0.6983936247187484, 0.30733116341342753, 0.003806560322439891, 0.01612299740031138, 5.1529659228529655e-34, 0.022576069903428076, 0.0022986770252813723, 7.23106981471931e-05, 2.5744776439635775e-07, 0.012286495801673626, 5.794948008286647e-08, 3.603791823825277e-07, 0.1283844508481696, 0.007522631172380556, 0.0015702284320926597, 0.07008097520465158, 0.012127742128222336]}, "ionising radiation": {"S1": [0.5815916309808935, 0.21649502325496925, 0.002364846630592818, 0.0034206599735493544, -9.240255883089706e-18, 0.0051286345836104846, -0.0019069980579215712, 0.00025231141570342206, 0.011549480521014698, 0.0032298784432790557, 0.00015710445715621152, 0.0002055100171753142, 0.06651750191106834, -0.0031348469897912005, 0.005985396567729421, 0.04105663091436215, 0.001495829918974156], "ST": [0.6904424321376008, 0.32893164082545145, 0.0021146207051304785, 0.016087281593721962, 5.53217279169173e-33, 0.024690312982476325, 0.0023184390248265703, 7.229879752001458e-05, 0.013332825679258094, 0.0031995481098238865, 2.731147420417005e-05, 3.5549891017305085e-05, 0.12130606964066618, 0.007482283592090854, 0.0016545127451587653, 0.07446996043128308, 0.012683059890598935]}, "non-carcinogenic effects": {"S1": [0.6009114670823528, 0.21215495282084015, 0.0031893431802901256, 0.00388099095433677, 4.766535145455722e-19, 0.005604933697329702, -0.0020591085736943507, 0.0002551211920027928, 0.00011176413313179371, 0.007411538645094169, 3.4804248214506065e-05, 7.969135327226275e-05, 0.06786712945546211, -0.002743541662721155, 0.005761642547058833, 0.04048743505009078, 0.0017398214944105922], "ST": [0.6966136748888463, 0.315923953332827, 0.0030945324773441986, 0.016246810942904068, 4.658401172625089e-34, 0.023620813610468656, 0.002345831053342062, 7.353839433455641e-05, 7.617375690835764e-06, 0.00915560889913089, 1.4890431773225754e-06, 5.409410162633122e-06, 0.1268234124378297, 0.007474102018123858, 0.0015846006143762747, 0.07251944288684471, 0.01256163021224014]}, "ozone layer depletion": {"S1": [0.5685273707070455, 0.22517924730793157, 0.0016120477811233302, 0.0032536051906754512, -2.6784780654125435e-17, 0.005167661083077547, -0.0018013282740165404, 0.0002329302342094212, 0.014796241683055385, 0.001873829019434173, 0.00011904176096273548, 0.00029996830701514395, 0.06497875982285913, -0.0030242258420732347, 0.005960949978127653, 0.042668375688714025, 0.0021317527616024666], "ST": [0.683816760728276, 0.34322636456737976, 0.0012689795291660384, 0.016178963084085434, 5.129448720191875e-32, 0.024886742751575798, 0.0022911412994244228, 7.086768123968043e-05, 0.01787619859794151, 0.0015191108092942546, 1.6410471038079195e-05, 7.763171723285568e-05, 0.11822419883231088, 0.007410155924048006, 0.0017002125822471491, 0.07789484482950121, 0.013273414525697035]}, "photochemical ozone creation": {"S1": [0.564434891096565, 0.22733073093525272, 0.0014585896970256077, 0.003359928153715008, 0.0, 0.004646601807574455, -0.001732837138118508, 0.0002237953643933904, 0.015956353223244457, 0.0019308507395321055, 9.464421845110966e-05, 0.00015908422813140015, 0.06442999869523364, -0.0030115220922803075, 0.005980996882862833, 0.04305456943620562, 0.002245702530784239], "ST": [0.6821771576995814, 0.34777429339179833, 0.001069597038857038, 0.016246177469021014, 0.0, 0.02373142912034792, 0.002208589550655481, 6.803572418367166e-05, 0.0197271653659732, 0.0016108990865628396, 1.0243174699672875e-05, 2.533109408407414e-05, 0.11749741483451334, 0.007416214683538675, 0.0017353143523344986, 0.07869867269645002, 0.013410882750304238]}, "respiratory effects, inorganics": {"S1": [0.6376318777648541, 0.1676274349646587, 0.008090914386139809, 0.003583250161514842, 1.0648330105859587e-17, 0.005596904341180464, -0.002323326571090737, 0.0003605445625368715, 0.001089797952536727, 0.012204276070727488, 0.00016042231685816166, 0.00039684858487018114, 0.07234378206760622, -0.0035157806198832034, 0.005693878738382015, 0.03292226176120033, -0.0015179418063830572], "ST": [0.7141208642262834, 0.2532068592988077, 0.009839517029430835, 0.015150761981237978, 1.0180986283810735e-32, 0.02472324502442407, 0.0025089779168448174, 8.106529060146482e-05, 0.0005543083609174978, 0.01637692269928259, 2.8736865369050666e-05, 8.148135287157335e-05, 0.13535910149193317, 0.007689978640189071, 0.0013392130114046553, 0.05697370835644677, 0.009705050124864407]}, "freshwater and terrestrial acidification": {"S1": [0.5788668902273244, 0.21652379218772932, 0.002334607243236306, 0.003320453834542042, 6.563472872076758e-18, 0.005145621788899061, -0.0018840527681372008, 0.00025172628858486864, 0.013203121349360929, 0.0025941378355488, 0.00013317724381341399, 0.00020406988817345967, 0.0665506365273671, -0.0031597088890126003, 0.005981315918025193, 0.04108633786015722, 0.0015491560522205186], "ST": [0.6899689912454952, 0.32951284160682626, 0.002100958511030163, 0.016060995038363533, 9.965944994626787e-33, 0.024914056137962107, 0.00232363514824696, 7.239105491758036e-05, 0.015723863901177533, 0.002370713378179819, 2.0124210530646592e-05, 3.591785226797003e-05, 0.12069835823387874, 0.007475070495435207, 0.0016509366879406992, 0.07455231902585532, 0.012703574439229103]}, "freshwater ecotoxicity": {"S1": [0.5728937684894172, 0.2410858644007733, 0.001110167709563372, 0.0037354013104058293, -8.546492562780719e-19, 0.0054947414813084315, -0.0017900224547743174, 0.00018725172879894094, 8.369406902447723e-05, 0.0025546726568918795, 1.1968762177581237e-05, 3.3119186037368e-05, 0.06529830284855483, -0.002148920325593188, 0.00563516261110547, 0.04567252670808298, 0.004377524245504517], "ST": [0.6870680405408842, 0.3562246436193156, 0.0007814823182888507, 0.016872037663028725, 1.846654544840373e-34, 0.02300350329919429, 0.002223963750060583, 6.792401404482378e-05, 3.892110760253049e-06, 0.002282497437490405, 1.6123646736033388e-07, 1.4226912165738568e-06, 0.12051187271793254, 0.007293755234937731, 0.0016921467148389802, 0.08337595654328658, 0.014547031627412051]},