{"parameters": ["gross_power_per_well", "average_depth_of_wells", "collection_pipelines", "installed_capacity", "co2_emissions", "lifetime", "capacity_factor", "auxiliary_power", "specific_diesel_consumption", "specific_steel_consumption", "specific_cement_consumption", "specific_drilling_mud_consumption", "initial_harmonic_decline_rate", "production_to_injection_ratio", "success_rate_exploration_wells", "success_rate_primary_wells", "success_rate_makeup_wells"], "climate change total": {"S1": [0.0022415251883009663, 0.002609389096876603, -1.8272919174662108e-05, -0.0002246018517667613, 0.9488769725732813, -0.00011349782193814129, -8.204745374811053e-05, -5.235293234865941e-06, 0.00017665324387812714, -0.00016589446603925987, -1.7833820310045385e-05, 1.7056317682863394e-05, 0.0011369043142063434, -0.0003025021335428447, -9.575287935485787e-06, -4.811262956309266e-05, 0.0002901867544696206], "ST": [0.001864449528960268, 0.0006941075079371087, 1.0982128172104e-05, 3.632063397952466e-05, 0.976306464191274, 5.360676268459922e-05, 5.5752509685830355e-06, 1.7830620868157813e-07, 1.3047867272589027e-05, 1.4711844528559724e-05, 4.2565498859476286e-07, 2.578004270735627e-07, 0.0003182693264775161, 2.141001238392418e-05, 3.732110113620473e-06, 0.00014670721163828078, 2.794008614633947e-05]}, "carcinogenic effects": {"S1": [0.6023872789225153, 0.20349440596428758, 0.0037838369951794853, 0.004903577015905084, 0.0, 0.004114754517157503, -0.002048238172798282, 0.00026994663083204146, 1.9307885501799337e-05, 0.009184428511043756, 6.287897953529778e-06, 2.0686739857267433e-05, 0.0715720338673748, 0.0015893913448029237, 0.006029715858859684, 0.03750709058007516, 0.0015418704396524708], "ST": [0.695614904453183, 0.30511069871841207, 0.003832396431919421, 0.01587334345193761, 0.0, 0.02157061986596126, 0.002305141759520018, 7.251093451667158e-05, 2.589800639794612e-07, 0.012162185348546264, 5.80260339864477e-08, 3.5940165732417124e-07, 0.13590176266353013, 0.009076014843935117, 0.0016607674555972867, 0.06597787301889217, 0.012831888794028343]}, "ionising radiation": {"S1": [0.5782372294856711, 0.2148628105378421, 0.0023301479096542086, 0.004556830912441726, 0.0, 0.004126410679297526, -0.00187109990510739, 0.00025843422030715635, 0.01157129552496307, 0.0031247264938259905, 0.00014503515996511113, 0.0002062531918566312, 0.06985234229298032, 0.0014355069721910894, 0.006248023034381721, 0.0391616220566412, 0.001891615177542756], "ST": [0.6879083186650828, 0.3263057282377826, 0.002132161362596971, 0.01593139815762423, 0.0, 0.023637089627841196, 0.0023295040336259866, 7.26816708759651e-05, 0.013431426834573648, 0.003169205928244798, 2.7386721738594228e-05, 3.550354426819661e-05, 0.12862068727035966, 0.008970915021485512, 0.0017525527143392734, 0.070179950706732, 0.013439991407761212]}, "non-carcinogenic effects": {"S1": [0.5969191903245424, 0.21045440750710442, 0.0031482978596966073, 0.004789878487614359, 0.0, 0.004630718262849533, -0.002025751871825456, 0.0002593838213818261, 0.00011203033793134759, 0.007228297761548016, 3.201704203336858e-05, 7.975645913508229e-05, 0.071223756577245, 0.0017113812346276137, 0.006017987207612831, 0.03862521171970517, 0.002124735516122556], "ST": [0.6939037663461303, 0.31363129479884344, 0.0031171551424919995, 0.015997900947535643, 0.0, 0.02261252851068612, 0.002354484258814444, 7.381598874898087e-05, 7.666580879160596e-06, 0.009065711517283742, 1.491762191070925e-06, 5.397424710249495e-06, 0.13431911476199934, 0.009022886731292007, 0.0016768152600568607, 0.06828910669654398, 0.013297723238260917]}, "ozone layer depletion": {"S1": [0.5653853608835668, 0.22355114282594618, 0.0015866436649380688, 0.00443591325262542, 0.0, 0.004170972531386218, -0.001764173263960969, 0.00023859177482350553, 0.014828665755844484, 0.001804906026336751, 0.00010968634487465326, 0.0003012617771695023, 0.06824821434485165, 0.0015390031550463717, 0.006224376290607672, 0.04068798308769523, 0.0025555394314947704], "ST": [0.6813914354884004, 0.34050581352033216, 0.0012803690603507571, 0.016043122861877795, 0.0, 0.023820534256397928, 0.002302952310809116, 7.128123418111447e-05, 0.0180202613464488, 0.0015053340830862942, 1.646656407935696e-05, 7.758048329890308e-05, 0.1254422385006912, 0.008879187193058798, 0.0018021724258480666, 0.07343555406407253, 0.014075148928403456]}, "photochemical ozone creation": {"S1": [0.5612790061240372, 0.2256755705468588, 0.0014370379419489186, 0.004583960336442401, 0.0, 0.003659040270726393, -0.0016977361129324737, 0.00022896602792541547, 0.015989266131963345, 0.0018626718893877947, 8.735849789578432e-05, 0.0001599451513905951, 0.06767228481642512, 0.0015043381442576124, 0.00624454496577515, 0.0410719145391513, 0.002676233143587772], "ST": [0.6797861774010091, 0.34506639436410785, 0.0010793018503725692, 0.01611831904547542, 0.0, 0.022652304287254284, 0.002218214315507332, 6.837607518008455e-05, 0.019887853712772383, 0.0015964662835096187, 1.0279165684629959e-05, 2.5317225768048277e-05, 0.12468406190467932, 0.008879093817096543, 0.0018395669891034057, 0.07420617419887976, 0.01422230027238007]}, "respiratory effects, inorganics": {"S1": [0.6333219318506984, 0.1660930026428964, 0.007982390895899444, 0.004358450474797501, 0.0, 0.004591708633793756, -0.002288956068968809, 0.0003684808201916695, 0.0010915653166170345, 0.011897883357859131, 0.00014826181412717302, 0.0003962669244936848, 0.07592315641341041, 0.0009548566945482333, 0.00593777144490269, 0.03141249012751156, -0.0012668879598957308], "ST": [0.7110072959177063, 0.2511004133828664, 0.009887938194946528, 0.014896830904760868, 0.0, 0.023751589910617658, 0.002517922553426557, 8.134983818727258e-05, 0.0005565988934451758, 0.01618359788623698, 2.8722524579676915e-05, 8.111094511776706e-05, 0.1430167823040249, 0.009265091623503037, 0.0014138632139467147, 0.053566507204028606, 0.010249943970373782]}, "freshwater and terrestrial acidification": {"S1": [0.5756001595903323, 0.21491122213676336, 0.0022996560631990373, 0.004479381130663515, 0.0, 0.004140288257948376, -0.0018475421700979344, 0.0002579371303632944, 0.013228975506672382, 0.0025038939032111115, 0.0001228031786338798, 0.0002048375019236836, 0.06988526625023059, 0.0014195090835924231, 0.006243691677647802, 0.03919170783846512, 0.0019481843156393787], "ST": [0.6874532379165621, 0.3268509512235449, 0.002118631313295184, 0.015909395977158812, 0.0, 0.023857251280107548, 0.002335132350109949, 7.279143403375031e-05, 0.01584199073713848, 0.00234822777732332, 2.018191708156723e-05, 3.58750015551596e-05, 0.12799256741530135, 0.008958559954801042, 0.0017489697483538047, 0.07026032578449246, 0.013463323964578569]}, "freshwater ecotoxicity": {"S1": [0.5693018565930538, 0.2393866689605409, 0.0010945210850655295, 0.004771978546679033, 0.0, 0.004544726594529571, -0.0017552293589864962, 0.00018850679310631984, 8.396995826574704e-05, 0.00247980465075173, 1.1048884523554815e-05, 3.319845567416679e-05, 0.0685279796058457, 0.002275470606269415, 0.005893482069810045, 0.04355932261816542, 0.004872686071876017], "ST": [0.6846731492828578, 0.3538007968177842, 0.0007887907930576079, 0.0166211688195164, 0.0, 0.02195520022738469, 0.00223213213686484, 6.819202254605508e-05, 3.924992571399497e-06, 0.0022630515224878324, 1.6185016085531016e-07, 1.4223490232737663e-06, 0.12788829088680023, 0.008826298337794221, 0.0017941622161239032, 0.0786006859660055, 0.015429804271039876]}, "freshwater eutrophication": {"S1": [0.6098451175380967, 0.19615725234656767, 0.004502046633580938, 0.004468607657983305, 0.0, 0.005245122188450216, -0.0021662922439784848, 0.00029867693671082436, 0.00010301217345612161, 0.008369218361689818, 9.92166041097119e-05, 0.0004914875813265394, 0.07273702766538635, 0.0014888649796532462, 0.005947866949210766, 0.03626993790123752, 0.0009596225146133777],