{"parameters": ["gross_power_per_well", "average_depth_of_wells", "collection_pipelines", "installed_capacity", "co2_emissions", "lifetime", "capacity_factor", "auxiliary_power", "specific_diesel_consumption", "specific_steel_consumption", "specific_cement_consumption", "specific_drilling_mud_consumption", "initial_harmonic_decline_rate", "production_to_injection_ratio", "success_rate_exploration_wells", "success_rate_primary_wells", "success_rate_makeup_wells"], "climate change total": {"S1": [0.002241885042811965, 0.0026095705592476958, -1.827593891786817e-05, -0.00022458179549834302, 0.9488767008711237, -0.00011351769361457389, -8.205957303446043e-05, -5.233891608331009e-06, 0.0001766738520574043, -0.0001659140608165451, -1.783521581304636e-05, 1.705745828079105e-05, 0.0011370028824155077, -0.0003024855766016155, -9.576508847505611e-06, -4.813036734132916e-05, 0.00029021109402804367], "ST": [0.0018646999346609134, 0.0006941933760932406, 1.0983340783211359e-05, 3.637249305726898e-05, 0.97630647646808, 5.362483549798016e-05, 5.576901459422047e-06, 1.7835753225882742e-07, 1.3049619830327025e-05, 1.4713680558256842e-05, 4.2571343436728273e-07, 2.578387497362463e-07, 0.0003183094919391673, 2.141361505420618e-05, 3.7329830612268104e-06, 0.00014672658223132852, 2.794348976962315e-05]}, "carcinogenic effects": {"S1": [0.6023635957250368, 0.20349389661528458, 0.003783872686742745, 0.004920036192913257, 0.0, 0.004117865327303781, -0.0020483070063980658, 0.0002699004077761326, 1.9310288593693183e-05, 0.00918516372524309, 6.287817347138566e-06, 2.0687203265528392e-05, 0.07157055480557285, 0.0015897903888358142, 0.0060300100492673816, 0.037503473849275146, 0.0015415980922636224], "ST": [0.6956050777754688, 0.30510637471325847, 0.003832285482814306, 0.015892991680807635, 0.0, 0.021575111618247874, 0.0023055132497870616, 7.252153503513401e-05, 2.5897877890456117e-07, 0.012162029011608087, 5.802592049282737e-08, 3.59405024732213e-07, 0.13589896774747054, 0.009076238857473619, 0.0016609204008535832, 0.06597747342412816, 0.012831699185729574]}, "ionising radiation": {"S1": [0.5782146333506724, 0.21486156017137573, 0.002330219031957121, 0.004572397193917958, 0.0, 0.004129348939145017, -0.0018711571301413138, 0.0002583978403722152, 0.011571775496541037, 0.003125162890317082, 0.00014503232126307882, 0.00020626038504703348, 0.06985095638740695, 0.0014359713700444255, 0.006248327539254666, 0.03915788586018812, 0.0018913715196132116], "ST": [0.6878995455547565, 0.3263009181756849, 0.0021321039033160402, 0.015951427273669046, 0.0, 0.023641750568148885, 0.002329880360679927, 7.269314215080662e-05, 0.013431354450898835, 0.0031691692795618696, 2.7386724299075677e-05, 3.55039439757478e-05, 0.12861821666604886, 0.008971197683688691, 0.0017527244333073086, 0.07017983145570626, 0.01343976610730426]}, "non-carcinogenic effects": {"S1": [0.5968954137382976, 0.21045382663046602, 0.003148337762943898, 0.004806483499441114, 0.0, 0.004633933953223892, -0.002025807353657605, 0.0002593382871186004, 0.00011204333811695663, 0.0072289441868299276, 3.2016785255358215e-05, 7.975845721105319e-05, 0.0712222657361918, 0.0017117803114706286, 0.006018276088049622, 0.03862145510414583, 0.0021244357548661163], "ST": [0.6938937204773628, 0.31362666018762775, 0.0031170640503939144, 0.01601796286710209, 0.0, 0.022617158562171252, 0.0023548630145507855, 7.382677022717319e-05, 7.66654033377756e-06, 0.009065590657611268, 1.4917588555058934e-06, 5.3974735072628395e-06, 0.13431635261044422, 0.009023109768764305, 0.0016769691320519674, 0.0682886512541115, 0.013297525268619373]}, "ozone layer depletion": {"S1": [0.5653632081390255, 0.22354978520877702, 0.0015867048083888016, 0.004451056106106471, 0.0, 0.0041738148192634085, -0.0017642319312220483, 0.00023855992948508618, 0.014829207122104558, 0.0018052126313024925, 0.00010968428968624686, 0.00030127214450429617, 0.06824686584578867, 0.0015394621432903148, 0.00622468215129889, 0.04068416192250221, 0.002555279798020595], "ST": [0.6813829589820771, 0.3405007120522158, 0.0012803351691154192, 0.016063216330336888, 0.0, 0.02382515469897313, 0.0023033267903108307, 7.129269190176233e-05, 0.018020164799962813, 0.001505316968845085, 1.6466573079739392e-05, 7.758138526068451e-05, 0.12543992399302886, 0.008879483002794729, 0.0018023505002389764, 0.0734354578551586, 0.014074912484791084]}, "photochemical ozone creation": {"S1": [0.5612572282063175, 0.2256742191672255, 0.0014370926227030775, 0.004598675638412589, 0.0, 0.003661687513869959, -0.0016978081999115414, 0.00022893737007994837, 0.015989823990204297, 0.0018629847920657156, 8.735659952996907e-05, 0.00015995020701855712, 0.06767094015351204, 0.0015047820434925805, 0.006244858595636758, 0.0410681587313729, 0.002675977939867811], "ST": [0.6797781199959303, 0.3450613569909767, 0.0010792738261965304, 0.016138097387002674, 0.0, 0.02265670763512533, 0.0022185791160096837, 6.838728629163441e-05, 0.01988775409408891, 0.0015964489494794784, 1.0279176405630598e-05, 2.531753550822266e-05, 0.12468184008186538, 0.008879404489717075, 0.0018397502445153906, 0.0742061448540065, 0.014222062241007855]}, "respiratory effects, inorganics": {"S1": [0.6332977247990942, 0.1660924663107442, 0.00798246716111546, 0.00437572897096408, 0.0, 0.004595185993552392, -0.002288998850828286, 0.00036841835783520095, 0.001091678493772331, 0.011898769613103875, 0.00014825914233997006, 0.0003962801899185911, 0.07592173061022542, 0.0009553724303444926, 0.0059380543628395, 0.0314092212986389, -0.0012670437806412624], "ST": [0.7109971643713796, 0.2510970693053794, 0.009887658058400292, 0.014916324673609243, 0.0, 0.02375660679090305, 0.002518309767814958, 8.136124173817177e-05, 0.0005565962734915713, 0.016183403993559782, 2.8722489215841273e-05, 8.111174494867881e-05, 0.14301358586865517, 0.00926528039132852, 0.0014139956536042557, 0.05356626447499225, 0.010249791448462471]}, "freshwater and terrestrial acidification": {"S1": [0.5755777404628812, 0.21490992365994768, 0.0022997312638323316, 0.004494863547131919, 0.0, 0.004143218115531691, -0.0018475954119592467, 0.00025790146807527754, 0.013229488375696659, 0.0025042739274536265, 0.00012280079501797967, 0.0002048450166656274, 0.06988388858617582, 0.0014199794214740267, 0.006243996371780968, 0.03918796858797632, 0.001947941044669232], "ST": [0.6874446007200267, 0.326846126151029, 0.002118574812967915, 0.015929458146023985, 0.0, 0.023861936003547805, 0.002335509026661655, 7.280296447731656e-05, 0.015841906355783746, 0.002348201013427813, 2.018192473003266e-05, 3.5875415658447736e-05, 0.12799013550831542, 0.008958845146229343, 0.001749142144235107, 0.07026023364173994, 0.013463096677419238]}, "freshwater ecotoxicity": {"S1": [0.5692789987398225, 0.23938616061440568, 0.0010945458390307287, 0.004787701297750215, 0.0, 0.00454765420103971, -0.0017552859273370408, 0.00018847257874710769, 8.397847992616989e-05, 0.0024801244124213534, 1.104893044494625e-05, 3.3198996785196914e-05, 0.06852648231709144, 0.002275800347997244, 0.0058937722351182185, 0.04355532231772394, 0.004872285697067601], "ST": [0.6846635408335453, 0.3537954199690481, 0.0007887682876648682, 0.016641519180627805, 0.0, 0.02195955084081611, 0.002232502216034733, 6.820229130617435e-05, 3.924974388148136e-06, 0.0022630212429710513, 1.6184990257262204e-07, 1.4223628381326564e-06, 0.12788594842896217, 0.00882654344196969, 0.0017943275171142209, 0.07860013272710734, 0.015429590776673146]}, "freshwater eutrophication": {"S1": [0.609820814823433, 0.19615670648917016, 0.004502100216461547, 0.004485775140553292, 0.0, 0.005248611629061658, -0.0021663294412419504, 0.00029862279801773996, 0.00010302479613325465, 0.008369931678290003, 9.921584273736042e-05, 0.0004915017141486783, 0.0727355649511053, 0.00148931552092448, 0.0059481458426175, 0.03626624474797314, 0.0009593629176931439],