{"parameters": ["number_of_wells", "average_depth_of_wells", "collection_pipelines", "installed_capacity", "lifetime", "capacity_factor", "auxiliary_power", "specific_diesel_consumption", "specific_steel_consumption", "specific_cement_consumption", "specific_drilling_mud_consumption", "number_of_wells_stimulated_0to1", "water_stimulation", "specific_electricity_stimulation", "success_rate_exploration_wells", "success_rate_primary_wells"], "climate change total": {"S1": [0.00017376194068187192, 0.031212155554018597, 6.220363930809893e-05, 0.791765373453689, 0.022823045200012104, 0.0021193340559665674, 0.0027767254755917212, 0.02496412671732648, 0.002370313132929498, -0.0001456878170932535, 8.456128007048707e-05, 0.0027066102457827344, 0.0028651886318041345, 0.004282548093956351, 0.044149597177878315, 0.0471746160488646], "ST": [0.04195847971461376, 0.06530015393591979, 6.490091088781792e-06, 0.8954305912672339, 0.04674586806420074, 0.0016998424343919363, 0.004595518803646123, 0.0901268581036994, 0.001867047781503021, 0.00044478882277344253, 9.75257655874941e-06, 0.00994387974405618, 0.005980453124998254, 0.004911984561130522, 0.04917485557617733, 0.06708747151191545]}, "carcinogenic effects": {"S1": [0.00104532843728286, 0.031474235495985464, 0.00018543068849209717, 0.6836693698619194, 0.02187483971984252, 0.000855317344464673, 0.002719040948649852, 5.7367309861798026e-05, 0.011996125785414999, -3.1789145104572086e-06, 1.563172099417105e-05, 9.070342264428013e-05, 5.312708438162841e-05, 0.00010431155687910453, 0.05457137159937568, 0.047645325623066455], "ST": [0.0408269933601548, 0.08120168891384745, 2.57220758796653e-05, 0.9032387568857989, 0.03880632513031876, 0.0019876883016516455, 0.003889125418067077, 2.2264889688312113e-05, 0.018020909196638332, 6.907837990644053e-07, 1.5460212265049967e-07, 2.974405441944567e-05, 1.7154651433339175e-05, 9.716304689981744e-06, 0.047253089871105367, 0.08016594863169216]}, "ionising radiation": {"S1": [-0.00020381483229523463, 0.030227728917057117, 2.8661500201386403e-05, 0.7975079524488659, 0.022880268142027347, 0.0023039427952807954, 0.0027472318324019253, 0.03340223651469818, 0.0011025023783426719, -8.052157889949146e-05, 3.140452265441889e-05, 0.003320154958924923, 0.00397231253370056, 0.00527644080804374, 0.04203113512969156, 0.04594507224346666], "ST": [0.04165991253920183, 0.06207208711393645, 1.6655495612283595e-06, 0.8858459737977317, 0.04753962623693683, 0.0016160891877814608, 0.0046517566700230335, 0.1237198474471166, 0.0005332201948380898, 3.78820793045341e-05, 1.7771582287848194e-06, 0.013297542080146654, 0.008000175160863487, 0.006518737024704061, 0.049659189114781364, 0.06434248263341054]}, "non-carcinogenic effects": {"S1": [0.0012043890903903466, 0.03179894098440248, 0.00015131556316197274, 0.6979905650053619, 0.022567114680451413, 0.0010369545998366956, 0.002738693183521916, 0.0004200395913447876, 0.008955542218947024, -1.569282079468897e-05, 5.770583366988689e-05, 0.00022461953855209806, 0.00013067511550789897, 0.0002935378461510124, 0.05343510094598513, 0.04836988892877193], "ST": [0.040785081413477205, 0.08016942180374559, 1.945114295180185e-05, 0.9041357245945222, 0.040279098402127275, 0.0019621692812503196, 0.004001611991659154, 0.0006087550752662253, 0.012424557360842232, 1.650340821126054e-05, 2.158598177911337e-06, 0.00017316219463993167, 0.00010124875299577686, 6.766494782355553e-05, 0.04802691840523299, 0.08021322721688406]}, "ozone layer depletion": {"S1": [-0.0014868103438235186, 0.030203908219475096, 2.006796431468823e-05, 0.7921034002433709, 0.027882646806003157, 0.0026078173418318997, 0.0028941292777185127, 0.03629216395347356, 0.0005804582584062553, -6.132101951179138e-05, 3.71379000858045e-05, 0.0038782643579011165, 0.004212490815630438, 0.005691074884698854, 0.04163515790002788, 0.04574701601717325], "ST": [0.041241848794356196, 0.06094218777753191, 8.083383929447359e-07, 0.8758163280174198, 0.05409539522063749, 0.0017654163004651483, 0.005219386477062826, 0.13420211236227636, 0.00020424062568154863, 1.8407898975710427e-05, 3.137345522599548e-06, 0.013902219630649379, 0.008381426877457339, 0.006988979049683301, 0.049588291045243454, 0.06339416534033564]}, "photochemical ozone creation": {"S1": [-0.00032699118040572037, 0.0299867983755191, 1.6932630285519353e-05, 0.7970845253487773, 0.02276754776143542, 0.002384566928755231, 0.0027202148744066767, 0.0370090151568033, 0.0006369589425566334, -4.778284072556014e-05, 2.1903011820822086e-05, 0.003443684244641315, 0.0042612539956790475, 0.005654318974845375, 0.04125016249390076, 0.04575906017840166], "ST": [0.0415507719390831, 0.061226466378649515, 6.381693069067609e-07, 0.8813602307714536, 0.04765925070637461, 0.0015820994326586327, 0.004659936858122495, 0.1386435255440992, 0.00020285931669838237, 1.0763377414912216e-05, 9.58660708419597e-07, 0.014262517464298883, 0.00860313594698827, 0.0071983820987681765, 0.05001788636940858, 0.06362667945821278]}, "respiratory effects, inorganics": {"S1": [0.000271400300130389, 0.03135305482434414, 0.00020384120918587223, 0.757965098265366, 0.022649413726198206, 0.0013927534593818555, 0.0028791313107642278, 0.008491532398053576, 0.0095720684118058, -5.572853812163204e-05, 0.0001545298152725802, 0.001509897854686903, 0.0012449233428215162, 0.0021021192882456343, 0.04987055336416684, 0.046599016974820814], "ST": [0.04208138839421103, 0.07180805319884369, 3.8229036500838426e-05, 0.9101742236685165, 0.04327979762800469, 0.0018983013460471606, 0.0043265254336104595, 0.026261864371148434, 0.013725528278433966, 0.0001970854900451324, 2.0162265864694115e-05, 0.0035721020219487954, 0.002133649511971489, 0.0016894582139720072, 0.04661492920784787, 0.07161846585695511]}, "freshwater and terrestrial acidification": {"S1": [-0.00029238708637921435, 0.030098154346618063, 2.6505810997801902e-05, 0.7975365552348314, 0.022888676923935182, 0.0023452111300576134, 0.00273742824285343, 0.0351060626159498, 0.0008701058804715648, -6.87432951145625e-05, 2.9190145310817195e-05, 0.0033884540886267127, 0.004109109696042978, 0.005501877912934669, 0.04162484908435551, 0.04581881360609923], "ST": [0.04161913448887876, 0.061580142819632006, 1.4832053824208094e-06, 0.8836556187194897, 0.047694812466327514, 0.0016022535940136474, 0.004663865510767739, 0.13073053596564946, 0.0003537459013490906, 2.502387853991451e-05, 1.6092781840039976e-06, 0.01377890476081937, 0.008307604785958602, 0.006917137689075576, 0.049763336877052824, 0.06391509606813751]}, "freshwater ecotoxicity": {"S1": [0.0019605589908953027, 0.03241767732802441, 6.577443718401911e-05, 0.6957419190057932, 0.023332445435205146, 0.0012559645563494776, 0.0026826271377845623, 0.00024317596850975632, 0.0032694418554795324, -8.129417056811415e-06, 2.9642158157858976e-05, 0.00010267248742423895, 5.444392474609645e-05, 0.00017214435785370608, 0.05219803990032529, 0.050766501432588464], "ST": [0.04005613714961963, 0.0813766996992845, 4.950218700389327e-06, 0.898784793996894, 0.04144071218394965, 0.0018879047615692369, 0.004037912646199349, 0.0003139846996223735, 0.003079835352890133, 1.7994523279671681e-06, 5.714684893143331e-07, 6.251514039496758e-05, 3.682592460503457e-05, 2.7139577830451966e-05, 0.05099914305639414, 0.08402656713693678]}, "freshwater eutrophication": {"S1": [0.0010347457787869298, 0.031121411761163703, 0.00019785768895338023, 0.7042008931138697, 0.0226122664992789, 0.0010266143359436736, 0.00276391560583526, 0.00040051209040691606, 0.010305037079296815, -5.912258733351813e-06, 0.00032025582570198197, 0.00039365768269919584, 0.00023236215852806043, 0.00043836598460534747, 0.05265288701804175, 0.04721174306549383],